date,task,plan_level,gate_yes_count,planning_minutes,execution_minutes,notes
2026-07-14,topical-map-actionability-remediation,lean,3,0.5,45,User explicitly requested a lean active plan instead of a comprehensive plan document
2026-07-14,topical-map-ui-alignment,lean,0,0.5,20,Detailed accepted requirements supported a short in-turn plan with no separate planning document
2026-07-14,topical-map-action-safety-context,lean,1,0.5,75,Accepted requirements supported a small in-turn checklist with no design or comprehensive plan document
2026-07-14,topical-map-ui-persistence-audit-loop,lean,1,0.5,20,Iterative test-first audit used a four-step in-turn checklist and no standalone plan document
2026-07-14,topical-map-five-clean-pass-audit-loop,lean,1,0.5,30,Five distinct audit lenses; defects reset the counter and exit required five consecutive clean passes
2026-07-14,surface-integrity-loop,lean,1,0.5,15,Minimal controller profile and five-clean-pass gate; user explicitly requested no over-engineering
2026-07-14,local-surface-integrity-audit,lean,1,0.5,30,One local audit pass across operator surfaces; four defects repaired test-first and protected boundaries retained
2026-07-14,retire-agent-model-controller,lean,1,0.5,5,Removed the executable agent controller and replaced it with a fixed local verifier with no model routing
2026-07-15,authenticated-ui-audit-remediation,lean,1,0.5,45,Continued the existing four-step in-turn fix and verification plan without a standalone plan document
2026-07-15,agriko-brand-serp-advisory-displacement,comprehensive,3,10,0,Multi-session cross-surface SEO plan constrained by the active topical map and a four-week sustained ranking success gate
2026-07-18,seo-tasks-code-review-remediation,lean,1,0.5,20,Ten approved findings handled in one red-green implementation and one verification pass without a standalone plan or scope expansion
2026-07-18,seo-task-completion-preflight,lean,1,0.5,10,Bounded task-history preflight and transactional recheck implemented test-first with no schema or external-source expansion
2026-07-18,rolling-topical-map-seo-task-scheduler,lean,1,0.5,15,Phase-level 90-day materialization added test-first to existing activation and daily boundaries with no schema or deployment
2026-07-18,execute-two-ready-seo-tasks,lean,2,0.5,15,Completed the authorized GA4 key-event task and retained the Shopify P0 task because all governed records are non-executable advisories with no approved recommendation
2026-07-18,content-pilot-exact-topical-map-suggestions,comprehensive,1,5,12,Writing-plans workflow required after approved design; scope remained one subsystem with exact-map filtering and one verification pass plus one failure-driven rerun
2026-07-18,content-pilot-current-and-future-roadmap,comprehensive,0,4,3,Writing-plans workflow required after confirmed design; implementation is limited to one read-only roadmap response and one locked UI section
2026-07-18,content-pilot-mapped-history-preflight,lean,0,0.5,4,One shared legacy-and-current key check at list brief and queue boundaries with one red-green cycle and one final verification pass
2026-07-18,exact-topical-map-content-task-calendar,lean,2,0.5,20,One approved-spec red-green cycle aligned SEO Tasks and Content Pilot without schema or unrelated UI changes
2026-07-18,content-pilot-audit-remediation,lean,1,0.5,25,Ten approved findings resolved in one bounded red-green cycle and one authenticated verification pass without schema external mutation commit or deployment
2026-07-18,content-pilot-correctness-remediation,lean,1,0.5,15,Eight approved audit findings constrained to one red-green cycle and one verification pass without unrelated redesign or deployment
2026-07-18,content-pilot-follow-up-remediation,lean,1,0.5,12,Four approved audit findings fixed in one red-green cycle with database-backed queue pagination and no schema external mutation commit or deployment
2026-07-18,content-pilot-mapped-queue-handoff,lean,1,0.5,6,One confirmed false-staleness cause fixed with stable content hashes and truthful Queue navigation in one red-green cycle and one verification pass
2026-07-19,content-pilot-live-audit-remediation,lean,1,0.5,10,Four approved findings resolved in one focused red-green cycle and one final verification pass without schema external mutations commit or deployment
